# energy per real MAC (J/MAC); see METHODS.md
N,e_ip_total,e1_waveform,e2_adc,e3_digital
30,1.172011e-13,5.343886e-16,5.000000e-14,6.666667e-14
30.409,1.156318e-13,5.343886e-16,4.932746e-14,6.576994e-14
30.8236,1.140836e-13,5.343886e-16,4.866396e-14,6.488528e-14
31.2439,1.125563e-13,5.343886e-16,4.800939e-14,6.401252e-14
31.6699,1.110495e-13,5.343886e-16,4.736363e-14,6.315150e-14
32.1017,1.095630e-13,5.343886e-16,4.672655e-14,6.230206e-14
32.5393,1.080965e-13,5.343886e-16,4.609803e-14,6.146405e-14
32.983,1.066497e-13,5.343886e-16,4.547798e-14,6.063730e-14
33.4327,1.052223e-13,5.343886e-16,4.486626e-14,5.982168e-14
33.8885,1.038142e-13,5.343886e-16,4.426277e-14,5.901703e-14
34.3506,1.024250e-13,5.343886e-16,4.366740e-14,5.822320e-14
34.8189,1.010545e-13,5.343886e-16,4.308004e-14,5.744005e-14
35.2936,9.970240e-14,5.343886e-16,4.250057e-14,5.666743e-14
35.7748,9.836850e-14,5.343886e-16,4.192891e-14,5.590521e-14
36.2626,9.705255e-14,5.343886e-16,4.136493e-14,5.515324e-14
36.757,9.575430e-14,5.343886e-16,4.080853e-14,5.441138e-14
37.2582,9.447352e-14,5.343886e-16,4.025963e-14,5.367950e-14
37.7662,9.320996e-14,5.343886e-16,3.971810e-14,5.295747e-14
38.2811,9.196339e-14,5.343886e-16,3.918386e-14,5.224515e-14
38.803,9.073360e-14,5.343886e-16,3.865680e-14,5.154240e-14
39.3321,8.952034e-14,5.343886e-16,3.813684e-14,5.084912e-14
39.8683,8.832341e-14,5.343886e-16,3.762386e-14,5.016515e-14
40.4119,8.714257e-14,5.343886e-16,3.711779e-14,4.949039e-14
40.9629,8.597762e-14,5.343886e-16,3.661853e-14,4.882470e-14
41.5214,8.482834e-14,5.343886e-16,3.612598e-14,4.816797e-14
42.0875,8.369451e-14,5.343886e-16,3.564005e-14,4.752007e-14
42.6613,8.257594e-14,5.343886e-16,3.516066e-14,4.688089e-14
43.243,8.147241e-14,5.343886e-16,3.468772e-14,4.625030e-14
43.8325,8.038373e-14,5.343886e-16,3.422115e-14,4.562819e-14
44.4302,7.930969e-14,5.343886e-16,3.376084e-14,4.501446e-14
45.0359,7.825009e-14,5.343886e-16,3.330673e-14,4.440897e-14
45.65,7.720475e-14,5.343886e-16,3.285873e-14,4.381164e-14
46.2724,7.617347e-14,5.343886e-16,3.241675e-14,4.322233e-14
46.9033,7.515606e-14,5.343886e-16,3.198072e-14,4.264096e-14
47.5428,7.415234e-14,5.343886e-16,3.155055e-14,4.206740e-14
48.191,7.316212e-14,5.343886e-16,3.112617e-14,4.150156e-14
48.848,7.218521e-14,5.343886e-16,3.070750e-14,4.094333e-14
49.514,7.122145e-14,5.343886e-16,3.029445e-14,4.039261e-14
50.1891,7.027065e-14,5.343886e-16,2.988697e-14,3.984929e-14
50.8734,6.933264e-14,5.343886e-16,2.948496e-14,3.931329e-14
51.567,6.840724e-14,5.343886e-16,2.908837e-14,3.878449e-14
52.2701,6.749430e-14,5.343886e-16,2.869710e-14,3.826281e-14
52.9827,6.659363e-14,5.343886e-16,2.831110e-14,3.774814e-14
53.7051,6.570508e-14,5.343886e-16,2.793030e-14,3.724039e-14
54.4374,6.482848e-14,5.343886e-16,2.755461e-14,3.673948e-14
55.1796,6.396367e-14,5.343886e-16,2.718398e-14,3.624530e-14
55.9319,6.311049e-14,5.343886e-16,2.681833e-14,3.575777e-14
56.6945,6.226879e-14,5.343886e-16,2.645760e-14,3.527680e-14
57.4675,6.143841e-14,5.343886e-16,2.610172e-14,3.480230e-14
58.251,6.061920e-14,5.343886e-16,2.575063e-14,3.433418e-14
59.0452,5.981101e-14,5.343886e-16,2.540427e-14,3.387236e-14
59.8502,5.901369e-14,5.343886e-16,2.506256e-14,3.341674e-14
60.6662,5.822710e-14,5.343886e-16,2.472545e-14,3.296726e-14
61.4934,5.745108e-14,5.343886e-16,2.439287e-14,3.252382e-14
62.3318,5.668550e-14,5.343886e-16,2.406476e-14,3.208635e-14
63.1816,5.593022e-14,5.343886e-16,2.374107e-14,3.165476e-14
64.0431,5.518510e-14,5.343886e-16,2.342174e-14,3.122898e-14
64.9163,5.445001e-14,5.343886e-16,2.310669e-14,3.080892e-14
65.8013,5.372480e-14,5.343886e-16,2.279589e-14,3.039452e-14
66.6985,5.300934e-14,5.343886e-16,2.248927e-14,2.998569e-14
67.6079,5.230351e-14,5.343886e-16,2.218677e-14,2.958235e-14
68.5297,5.160717e-14,5.343886e-16,2.188834e-14,2.918445e-14
69.464,5.092020e-14,5.343886e-16,2.159392e-14,2.879189e-14
70.4111,5.024247e-14,5.343886e-16,2.130346e-14,2.840462e-14
71.3711,4.957385e-14,5.343886e-16,2.101691e-14,2.802255e-14
72.3442,4.891423e-14,5.343886e-16,2.073422e-14,2.764562e-14
73.3305,4.826348e-14,5.343886e-16,2.045533e-14,2.727377e-14
74.3303,4.762149e-14,5.343886e-16,2.018018e-14,2.690691e-14
75.3438,4.698813e-14,5.343886e-16,1.990874e-14,2.654499e-14
76.371,4.636328e-14,5.343886e-16,1.964096e-14,2.618794e-14
77.4123,4.574685e-14,5.343886e-16,1.937677e-14,2.583569e-14
78.4677,4.513870e-14,5.343886e-16,1.911613e-14,2.548818e-14
79.5376,4.453874e-14,5.343886e-16,1.885901e-14,2.514534e-14
80.622,4.394684e-14,5.343886e-16,1.860534e-14,2.480712e-14
81.7212,4.336291e-14,5.343886e-16,1.835508e-14,2.447344e-14
82.8355,4.278683e-14,5.343886e-16,1.810819e-14,2.414425e-14
83.9649,4.221850e-14,5.343886e-16,1.786462e-14,2.381949e-14
85.1096,4.165781e-14,5.343886e-16,1.762432e-14,2.349910e-14
86.2701,4.110467e-14,5.343886e-16,1.738726e-14,2.318302e-14
87.4463,4.055896e-14,5.343886e-16,1.715339e-14,2.287119e-14
88.6385,4.002060e-14,5.343886e-16,1.692266e-14,2.256355e-14
89.8471,3.948948e-14,5.343886e-16,1.669504e-14,2.226005e-14
91.0721,3.896550e-14,5.343886e-16,1.647048e-14,2.196063e-14
92.3137,3.844857e-14,5.343886e-16,1.624893e-14,2.166525e-14
93.5724,3.793859e-14,5.343886e-16,1.603037e-14,2.137383e-14
94.8482,3.743547e-14,5.343886e-16,1.581475e-14,2.108633e-14
96.1413,3.693912e-14,5.343886e-16,1.560203e-14,2.080270e-14
97.4522,3.644945e-14,5.343886e-16,1.539217e-14,2.052289e-14
98.7808,3.596636e-14,5.343886e-16,1.518513e-14,2.024684e-14
100.128,3.548977e-14,5.343886e-16,1.498088e-14,1.997450e-14
101.493,3.501959e-14,5.343886e-16,1.477937e-14,1.970583e-14
102.877,3.455574e-14,5.343886e-16,1.458058e-14,1.944077e-14
104.279,3.409812e-14,5.343886e-16,1.438446e-14,1.917928e-14
105.701,3.364666e-14,5.343886e-16,1.419097e-14,1.892130e-14
107.142,3.320127e-14,5.343886e-16,1.400009e-14,1.866679e-14
108.603,3.276188e-14,5.343886e-16,1.381178e-14,1.841571e-14
110.084,3.232839e-14,5.343886e-16,1.362600e-14,1.816800e-14
111.585,3.190073e-14,5.343886e-16,1.344272e-14,1.792363e-14
113.106,3.147883e-14,5.343886e-16,1.326190e-14,1.768254e-14
114.648,3.106260e-14,5.343886e-16,1.308352e-14,1.744469e-14
116.211,3.065197e-14,5.343886e-16,1.290754e-14,1.721005e-14
117.796,3.024687e-14,5.343886e-16,1.273392e-14,1.697856e-14
119.402,2.984721e-14,5.343886e-16,1.256264e-14,1.675018e-14
121.03,2.945293e-14,5.343886e-16,1.239366e-14,1.652488e-14
122.68,2.906395e-14,5.343886e-16,1.222695e-14,1.630260e-14
124.352,2.868020e-14,5.343886e-16,1.206249e-14,1.608332e-14
126.048,2.830162e-14,5.343886e-16,1.190024e-14,1.586699e-14
127.766,2.792812e-14,5.343886e-16,1.174017e-14,1.565356e-14
129.508,2.755966e-14,5.343886e-16,1.158226e-14,1.544301e-14
131.274,2.719614e-14,5.343886e-16,1.142647e-14,1.523529e-14
133.064,2.683752e-14,5.343886e-16,1.127277e-14,1.503036e-14
134.878,2.648372e-14,5.343886e-16,1.112114e-14,1.482819e-14
136.717,2.613468e-14,5.343886e-16,1.097155e-14,1.462874e-14
138.581,2.579034e-14,5.343886e-16,1.082398e-14,1.443197e-14
140.471,2.545062e-14,5.343886e-16,1.067839e-14,1.423785e-14
142.386,2.511548e-14,5.343886e-16,1.053475e-14,1.404634e-14
144.327,2.478484e-14,5.343886e-16,1.039305e-14,1.385740e-14
146.295,2.445865e-14,5.343886e-16,1.025326e-14,1.367101e-14
148.29,2.413685e-14,5.343886e-16,1.011534e-14,1.348712e-14
150.311,2.381938e-14,5.343886e-16,9.979281e-15,1.330571e-14
152.361,2.350618e-14,5.343886e-16,9.845052e-15,1.312674e-14
154.438,2.319719e-14,5.343886e-16,9.712628e-15,1.295017e-14
156.544,2.289235e-14,5.343886e-16,9.581985e-15,1.277598e-14
158.678,2.259162e-14,5.343886e-16,9.453099e-15,1.260413e-14
160.842,2.229493e-14,5.343886e-16,9.325947e-15,1.243460e-14
163.035,2.200223e-14,5.343886e-16,9.200505e-15,1.226734e-14
165.257,2.171347e-14,5.343886e-16,9.076751e-15,1.210233e-14
167.511,2.142860e-14,5.343886e-16,8.954661e-15,1.193955e-14
169.794,2.114755e-14,5.343886e-16,8.834213e-15,1.177895e-14
172.109,2.087029e-14,5.343886e-16,8.715386e-15,1.162051e-14
174.456,2.059675e-14,5.343886e-16,8.598156e-15,1.146421e-14
176.835,2.032690e-14,5.343886e-16,8.482504e-15,1.131001e-14
179.246,2.006067e-14,5.343886e-16,8.368407e-15,1.115788e-14
181.689,1.979803e-14,5.343886e-16,8.255845e-15,1.100779e-14
184.167,1.953892e-14,5.343886e-16,8.144797e-15,1.085973e-14
186.678,1.928329e-14,5.343886e-16,8.035243e-15,1.071366e-14
189.223,1.903110e-14,5.343886e-16,7.927162e-15,1.056955e-14
191.803,1.878230e-14,5.343886e-16,7.820535e-15,1.042738e-14
194.418,1.853685e-14,5.343886e-16,7.715342e-15,1.028712e-14
197.069,1.829471e-14,5.343886e-16,7.611565e-15,1.014875e-14
199.755,1.805581e-14,5.343886e-16,7.509183e-15,1.001224e-14
202.479,1.782014e-14,5.343886e-16,7.408178e-15,9.877571e-15
205.24,1.758763e-14,5.343886e-16,7.308532e-15,9.744709e-15
208.038,1.735825e-14,5.343886e-16,7.210226e-15,9.613634e-15
210.874,1.713195e-14,5.343886e-16,7.113242e-15,9.484323e-15
213.749,1.690870e-14,5.343886e-16,7.017563e-15,9.356751e-15
216.664,1.668845e-14,5.343886e-16,6.923171e-15,9.230895e-15
219.618,1.647117e-14,5.343886e-16,6.830049e-15,9.106732e-15
222.612,1.625681e-14,5.343886e-16,6.738179e-15,8.984238e-15
225.647,1.604533e-14,5.343886e-16,6.647545e-15,8.863393e-15
228.724,1.583669e-14,5.343886e-16,6.558130e-15,8.744173e-15
231.842,1.563086e-14,5.343886e-16,6.469917e-15,8.626557e-15
235.003,1.542780e-14,5.343886e-16,6.382892e-15,8.510522e-15
238.207,1.522747e-14,5.343886e-16,6.297036e-15,8.396048e-15
241.455,1.502984e-14,5.343886e-16,6.212336e-15,8.283115e-15
244.747,1.483486e-14,5.343886e-16,6.128775e-15,8.171700e-15
248.084,1.464251e-14,5.343886e-16,6.046338e-15,8.061784e-15
251.466,1.445274e-14,5.343886e-16,5.965009e-15,7.953346e-15
254.895,1.426553e-14,5.343886e-16,5.884775e-15,7.846367e-15
258.37,1.408084e-14,5.343886e-16,5.805620e-15,7.740827e-15
261.893,1.389862e-14,5.343886e-16,5.727529e-15,7.636706e-15
265.464,1.371886e-14,5.343886e-16,5.650489e-15,7.533986e-15
269.083,1.354152e-14,5.343886e-16,5.574486e-15,7.432648e-15
272.752,1.336656e-14,5.343886e-16,5.499504e-15,7.332672e-15
276.471,1.319396e-14,5.343886e-16,5.425531e-15,7.234042e-15
280.24,1.302368e-14,5.343886e-16,5.352553e-15,7.136738e-15
284.061,1.285569e-14,5.343886e-16,5.280557e-15,7.040743e-15
287.934,1.268996e-14,5.343886e-16,5.209529e-15,6.946039e-15
291.86,1.252645e-14,5.343886e-16,5.139457e-15,6.852609e-15
295.839,1.236515e-14,5.343886e-16,5.070327e-15,6.760435e-15
299.872,1.220602e-14,5.343886e-16,5.002126e-15,6.669502e-15
303.961,1.204902e-14,5.343886e-16,4.934844e-15,6.579792e-15
308.105,1.189414e-14,5.343886e-16,4.868466e-15,6.491288e-15
312.306,1.174134e-14,5.343886e-16,4.802981e-15,6.403975e-15
316.564,1.159060e-14,5.343886e-16,4.738377e-15,6.317836e-15
320.88,1.144189e-14,5.343886e-16,4.674642e-15,6.232856e-15
325.255,1.129517e-14,5.343886e-16,4.611764e-15,6.149019e-15
329.69,1.115043e-14,5.343886e-16,4.549732e-15,6.066309e-15
334.185,1.100763e-14,5.343886e-16,4.488534e-15,5.984712e-15
338.741,1.086676e-14,5.343886e-16,4.428160e-15,5.904213e-15
343.36,1.072778e-14,5.343886e-16,4.368597e-15,5.824796e-15
348.041,1.059067e-14,5.343886e-16,4.309836e-15,5.746448e-15
352.786,1.045541e-14,5.343886e-16,4.251865e-15,5.669153e-15
357.596,1.032196e-14,5.343886e-16,4.194674e-15,5.592898e-15
362.472,1.019031e-14,5.343886e-16,4.138252e-15,5.517669e-15
367.414,1.006043e-14,5.343886e-16,4.082589e-15,5.443452e-15
372.423,9.932297e-15,5.343886e-16,4.027675e-15,5.370233e-15
377.501,9.805887e-15,5.343886e-16,3.973499e-15,5.297999e-15
382.648,9.681177e-15,5.343886e-16,3.920052e-15,5.226736e-15
387.865,9.558145e-15,5.343886e-16,3.867324e-15,5.156433e-15
393.153,9.436768e-15,5.343886e-16,3.815306e-15,5.087074e-15
398.514,9.317024e-15,5.343886e-16,3.763987e-15,5.018649e-15
403.947,9.198890e-15,5.343886e-16,3.713358e-15,4.951144e-15
409.455,9.082345e-15,5.343886e-16,3.663410e-15,4.884547e-15
415.037,8.967368e-15,5.343886e-16,3.614134e-15,4.818846e-15
420.696,8.853938e-15,5.343886e-16,3.565521e-15,4.754028e-15
426.432,8.742033e-15,5.343886e-16,3.517562e-15,4.690082e-15
432.246,8.631633e-15,5.343886e-16,3.470248e-15,4.626997e-15
438.139,8.522718e-15,5.343886e-16,3.423570e-15,4.564760e-15
444.113,8.415269e-15,5.343886e-16,3.377520e-15,4.503360e-15
450.168,8.309264e-15,5.343886e-16,3.332090e-15,4.442786e-15
456.306,8.204686e-15,5.343886e-16,3.287270e-15,4.383027e-15
462.527,8.101514e-15,5.343886e-16,3.243054e-15,4.324072e-15
468.833,7.999730e-15,5.343886e-16,3.199432e-15,4.265909e-15
475.225,7.899315e-15,5.343886e-16,3.156397e-15,4.208529e-15
481.705,7.800250e-15,5.343886e-16,3.113941e-15,4.151921e-15
488.272,7.702518e-15,5.343886e-16,3.072056e-15,4.096074e-15
494.93,7.606101e-15,5.343886e-16,3.030734e-15,4.040978e-15
501.678,7.510981e-15,5.343886e-16,2.989968e-15,3.986624e-15
508.518,7.417140e-15,5.343886e-16,2.949750e-15,3.933001e-15
515.451,7.324561e-15,5.343886e-16,2.910074e-15,3.880098e-15
522.479,7.233227e-15,5.343886e-16,2.870931e-15,3.827908e-15
529.602,7.143122e-15,5.343886e-16,2.832314e-15,3.776419e-15
536.823,7.054229e-15,5.343886e-16,2.794217e-15,3.725623e-15
544.142,6.966532e-15,5.343886e-16,2.756633e-15,3.675511e-15
551.561,6.880014e-15,5.343886e-16,2.719554e-15,3.626072e-15
559.081,6.794660e-15,5.343886e-16,2.682974e-15,3.577298e-15
566.704,6.710454e-15,5.343886e-16,2.646885e-15,3.529180e-15
574.43,6.627381e-15,5.343886e-16,2.611283e-15,3.481710e-15
582.262,6.545425e-15,5.343886e-16,2.576159e-15,3.434878e-15
590.201,6.464572e-15,5.343886e-16,2.541507e-15,3.388676e-15
598.248,6.384806e-15,5.343886e-16,2.507322e-15,3.343096e-15
606.405,6.306113e-15,5.343886e-16,2.473596e-15,3.298128e-15
614.672,6.228479e-15,5.343886e-16,2.440324e-15,3.253766e-15
623.053,6.151888e-15,5.343886e-16,2.407500e-15,3.210000e-15
631.548,6.076328e-15,5.343886e-16,2.375117e-15,3.166823e-15
640.159,6.001784e-15,5.343886e-16,2.343170e-15,3.124226e-15
648.887,5.928243e-15,5.343886e-16,2.311652e-15,3.082203e-15
657.734,5.855692e-15,5.343886e-16,2.280558e-15,3.040745e-15
666.701,5.784116e-15,5.343886e-16,2.249883e-15,2.999844e-15
675.791,5.713502e-15,5.343886e-16,2.219620e-15,2.959494e-15
685.005,5.643839e-15,5.343886e-16,2.189764e-15,2.919686e-15
694.345,5.575113e-15,5.343886e-16,2.160310e-15,2.880414e-15
703.812,5.507311e-15,5.343886e-16,2.131252e-15,2.841670e-15
713.407,5.440421e-15,5.343886e-16,2.102585e-15,2.803447e-15
723.134,5.374430e-15,5.343886e-16,2.074304e-15,2.765738e-15
732.994,5.309328e-15,5.343886e-16,2.046403e-15,2.728537e-15
742.987,5.245101e-15,5.343886e-16,2.018877e-15,2.691836e-15
753.117,5.181738e-15,5.343886e-16,1.991721e-15,2.655628e-15
763.386,5.119227e-15,5.343886e-16,1.964931e-15,2.619908e-15
773.794,5.057557e-15,5.343886e-16,1.938501e-15,2.584668e-15
784.344,4.996717e-15,5.343886e-16,1.912426e-15,2.549902e-15
795.038,4.936695e-15,5.343886e-16,1.886703e-15,2.515604e-15
805.878,4.877480e-15,5.343886e-16,1.861325e-15,2.481767e-15
816.865,4.819062e-15,5.343886e-16,1.836289e-15,2.448385e-15
828.002,4.761430e-15,5.343886e-16,1.811589e-15,2.415452e-15
839.292,4.704572e-15,5.343886e-16,1.787222e-15,2.382962e-15
850.735,4.648480e-15,5.343886e-16,1.763182e-15,2.350909e-15
862.334,4.593142e-15,5.343886e-16,1.739466e-15,2.319288e-15
874.091,4.538548e-15,5.343886e-16,1.716068e-15,2.288091e-15
886.009,4.484689e-15,5.343886e-16,1.692986e-15,2.257314e-15
898.089,4.431554e-15,5.343886e-16,1.670214e-15,2.226952e-15
910.333,4.379134e-15,5.343886e-16,1.647748e-15,2.196997e-15
922.745,4.327419e-15,5.343886e-16,1.625584e-15,2.167446e-15
935.326,4.276400e-15,5.343886e-16,1.603719e-15,2.138292e-15
948.078,4.226066e-15,5.343886e-16,1.582148e-15,2.109530e-15
961.005,4.176410e-15,5.343886e-16,1.560866e-15,2.081155e-15
974.107,4.127422e-15,5.343886e-16,1.539871e-15,2.053162e-15
987.388,4.079093e-15,5.343886e-16,1.519159e-15,2.025545e-15
1000.85,4.031413e-15,5.343886e-16,1.498725e-15,1.998300e-15
1014.5,3.984376e-15,5.343886e-16,1.478566e-15,1.971421e-15
1028.33,3.937970e-15,5.343886e-16,1.458678e-15,1.944904e-15
1042.35,3.892189e-15,5.343886e-16,1.439057e-15,1.918743e-15
1056.56,3.847024e-15,5.343886e-16,1.419701e-15,1.892935e-15
1070.97,3.802466e-15,5.343886e-16,1.400605e-15,1.867473e-15
1085.57,3.758508e-15,5.343886e-16,1.381765e-15,1.842354e-15
1100.37,3.715141e-15,5.343886e-16,1.363180e-15,1.817573e-15
1115.37,3.672357e-15,5.343886e-16,1.344844e-15,1.793125e-15
1130.58,3.630149e-15,5.343886e-16,1.326754e-15,1.769006e-15
1145.99,3.588508e-15,5.343886e-16,1.308908e-15,1.745211e-15
1161.62,3.547428e-15,5.343886e-16,1.291303e-15,1.721737e-15
1177.46,3.506900e-15,5.343886e-16,1.273933e-15,1.698578e-15
1193.51,3.466917e-15,5.343886e-16,1.256798e-15,1.675731e-15
1209.78,3.427472e-15,5.343886e-16,1.239893e-15,1.653191e-15
1226.28,3.388558e-15,5.343886e-16,1.223215e-15,1.630954e-15
1243,3.350167e-15,5.343886e-16,1.206762e-15,1.609016e-15
1259.94,3.312292e-15,5.343886e-16,1.190530e-15,1.587374e-15
1277.12,3.274927e-15,5.343886e-16,1.174517e-15,1.566022e-15
1294.53,3.238065e-15,5.343886e-16,1.158718e-15,1.544958e-15
1312.18,3.201698e-15,5.343886e-16,1.143133e-15,1.524177e-15
1330.07,3.165820e-15,5.343886e-16,1.127756e-15,1.503675e-15
1348.21,3.130425e-15,5.343886e-16,1.112587e-15,1.483450e-15
1366.59,3.095507e-15,5.343886e-16,1.097622e-15,1.463496e-15
1385.22,3.061057e-15,5.343886e-16,1.082858e-15,1.443811e-15
1404.11,3.027072e-15,5.343886e-16,1.068293e-15,1.424390e-15
1423.25,2.993543e-15,5.343886e-16,1.053923e-15,1.405231e-15
1442.66,2.960465e-15,5.343886e-16,1.039747e-15,1.386330e-15
1462.33,2.927833e-15,5.343886e-16,1.025762e-15,1.367682e-15
1482.27,2.895639e-15,5.343886e-16,1.011964e-15,1.349286e-15
1502.48,2.863878e-15,5.343886e-16,9.983526e-16,1.331137e-15
1522.96,2.832544e-15,5.343886e-16,9.849239e-16,1.313232e-15
1543.72,2.801632e-15,5.343886e-16,9.716758e-16,1.295568e-15
1564.77,2.771136e-15,5.343886e-16,9.586060e-16,1.278141e-15
1586.11,2.741050e-15,5.343886e-16,9.457119e-16,1.260949e-15
1607.73,2.711368e-15,5.343886e-16,9.329913e-16,1.243988e-15
1629.65,2.682086e-15,5.343886e-16,9.204418e-16,1.227256e-15
1651.87,2.653198e-15,5.343886e-16,9.080611e-16,1.210748e-15
1674.39,2.624698e-15,5.343886e-16,8.958469e-16,1.194463e-15
1697.22,2.596582e-15,5.343886e-16,8.837970e-16,1.178396e-15
1720.36,2.568843e-15,5.343886e-16,8.719092e-16,1.162546e-15
1743.82,2.541478e-15,5.343886e-16,8.601813e-16,1.146908e-15
1767.59,2.514481e-15,5.343886e-16,8.486111e-16,1.131482e-15
1791.69,2.487847e-15,5.343886e-16,8.371966e-16,1.116262e-15
1816.12,2.461572e-15,5.343886e-16,8.259356e-16,1.101247e-15
1840.88,2.435650e-15,5.343886e-16,8.148261e-16,1.086435e-15
1865.98,2.410076e-15,5.343886e-16,8.038660e-16,1.071821e-15
1891.42,2.384846e-15,5.343886e-16,7.930533e-16,1.057404e-15
1917.21,2.359956e-15,5.343886e-16,7.823861e-16,1.043181e-15
1943.35,2.335401e-15,5.343886e-16,7.718624e-16,1.029150e-15
1969.85,2.311176e-15,5.343886e-16,7.614802e-16,1.015307e-15
1996.71,2.287276e-15,5.343886e-16,7.512376e-16,1.001650e-15
2023.93,2.263699e-15,5.343886e-16,7.411329e-16,9.881771e-16
2051.52,2.240438e-15,5.343886e-16,7.311640e-16,9.748853e-16
2079.49,2.217490e-15,5.343886e-16,7.213292e-16,9.617723e-16
2107.85,2.194851e-15,5.343886e-16,7.116267e-16,9.488357e-16
2136.59,2.172516e-15,5.343886e-16,7.020548e-16,9.360730e-16
2165.72,2.150482e-15,5.343886e-16,6.926116e-16,9.234821e-16
2195.24,2.128744e-15,5.343886e-16,6.832953e-16,9.110605e-16
2225.17,2.107299e-15,5.343886e-16,6.741045e-16,8.988059e-16
2255.51,2.086142e-15,5.343886e-16,6.650372e-16,8.867163e-16
2286.27,2.065270e-15,5.343886e-16,6.560919e-16,8.747892e-16
2317.44,2.044678e-15,5.343886e-16,6.472669e-16,8.630225e-16
2349.03,2.024363e-15,5.343886e-16,6.385606e-16,8.514142e-16
2381.06,2.004322e-15,5.343886e-16,6.299714e-16,8.399619e-16
2413.52,1.984550e-15,5.343886e-16,6.214978e-16,8.286637e-16
2446.43,1.965044e-15,5.343886e-16,6.131381e-16,8.175175e-16
2479.79,1.945801e-15,5.343886e-16,6.048909e-16,8.065212e-16
2513.6,1.926816e-15,5.343886e-16,5.967546e-16,7.956728e-16
2547.87,1.908087e-15,5.343886e-16,5.887278e-16,7.849704e-16
2582.61,1.889609e-15,5.343886e-16,5.808089e-16,7.744119e-16
2617.82,1.871381e-15,5.343886e-16,5.729965e-16,7.639954e-16
2653.51,1.853397e-15,5.343886e-16,5.652893e-16,7.537190e-16
2689.69,1.835655e-15,5.343886e-16,5.576856e-16,7.435809e-16
2726.36,1.818152e-15,5.343886e-16,5.501843e-16,7.335791e-16
2763.53,1.800884e-15,5.343886e-16,5.427839e-16,7.237118e-16
2801.21,1.783849e-15,5.343886e-16,5.354830e-16,7.139773e-16
2839.4,1.767043e-15,5.343886e-16,5.282803e-16,7.043737e-16
2878.11,1.750462e-15,5.343886e-16,5.211745e-16,6.948993e-16
2917.36,1.734105e-15,5.343886e-16,5.141642e-16,6.855523e-16
2957.13,1.717968e-15,5.343886e-16,5.072483e-16,6.763311e-16
2997.45,1.702048e-15,5.343886e-16,5.004254e-16,6.672338e-16
3038.32,1.686342e-15,5.343886e-16,4.936942e-16,6.582590e-16
3079.74,1.670847e-15,5.343886e-16,4.870536e-16,6.494049e-16
3121.73,1.655561e-15,5.343886e-16,4.805024e-16,6.406698e-16
3164.3,1.640480e-15,5.343886e-16,4.740392e-16,6.320523e-16
3207.44,1.625602e-15,5.343886e-16,4.676630e-16,6.235506e-16
3251.17,1.610925e-15,5.343886e-16,4.613725e-16,6.151634e-16
3295.5,1.596444e-15,5.343886e-16,4.551667e-16,6.068889e-16
3340.43,1.582159e-15,5.343886e-16,4.490443e-16,5.987257e-16
3385.97,1.568065e-15,5.343886e-16,4.430043e-16,5.906724e-16
3432.14,1.554161e-15,5.343886e-16,4.370455e-16,5.827273e-16
3478.93,1.540445e-15,5.343886e-16,4.311669e-16,5.748892e-16
3526.36,1.526912e-15,5.343886e-16,4.253673e-16,5.671564e-16
3574.44,1.513562e-15,5.343886e-16,4.196458e-16,5.595277e-16
3623.18,1.500391e-15,5.343886e-16,4.140012e-16,5.520016e-16
3672.58,1.487398e-15,5.343886e-16,4.084325e-16,5.445767e-16
3722.65,1.474579e-15,5.343886e-16,4.029388e-16,5.372517e-16
3773.41,1.461933e-15,5.343886e-16,3.975189e-16,5.300252e-16
3824.85,1.449457e-15,5.343886e-16,3.921720e-16,5.228959e-16
3877,1.437148e-15,5.343886e-16,3.868969e-16,5.158625e-16
3929.86,1.425005e-15,5.343886e-16,3.816928e-16,5.089238e-16
3983.44,1.413026e-15,5.343886e-16,3.765587e-16,5.020783e-16
4037.75,1.401207e-15,5.343886e-16,3.714937e-16,4.953249e-16
4092.81,1.389548e-15,5.343886e-16,3.664968e-16,4.886624e-16
4148.61,1.378045e-15,5.343886e-16,3.615671e-16,4.820895e-16
4205.17,1.366697e-15,5.343886e-16,3.567037e-16,4.756050e-16
4262.5,1.355502e-15,5.343886e-16,3.519058e-16,4.692077e-16
4320.62,1.344457e-15,5.343886e-16,3.471724e-16,4.628965e-16
4379.53,1.333561e-15,5.343886e-16,3.425026e-16,4.566701e-16
4439.24,1.322812e-15,5.343886e-16,3.378956e-16,4.505275e-16
4499.77,1.312207e-15,5.343886e-16,3.333507e-16,4.444676e-16
4561.12,1.301745e-15,5.343886e-16,3.288668e-16,4.384891e-16
4623.3,1.291423e-15,5.343886e-16,3.244433e-16,4.325911e-16
4686.34,1.281240e-15,5.343886e-16,3.200793e-16,4.267723e-16
4750.23,1.271194e-15,5.343886e-16,3.157739e-16,4.210319e-16
4815,1.261284e-15,5.343886e-16,3.115265e-16,4.153687e-16
4880.65,1.251506e-15,5.343886e-16,3.073362e-16,4.097816e-16
4947.19,1.241861e-15,5.343886e-16,3.032023e-16,4.042697e-16
5014.64,1.232345e-15,5.343886e-16,2.991240e-16,3.988319e-16
5083.01,1.222956e-15,5.343886e-16,2.951005e-16,3.934673e-16
5152.32,1.213695e-15,5.343886e-16,2.911311e-16,3.881749e-16
5222.57,1.204557e-15,5.343886e-16,2.872152e-16,3.829536e-16
5293.77,1.195543e-15,5.343886e-16,2.833519e-16,3.778025e-16
5365.95,1.186650e-15,5.343886e-16,2.795406e-16,3.727208e-16
5439.11,1.177877e-15,5.343886e-16,2.757805e-16,3.677074e-16
5513.27,1.169221e-15,5.343886e-16,2.720710e-16,3.627614e-16
5588.43,1.160682e-15,5.343886e-16,2.684115e-16,3.578820e-16
5664.63,1.152258e-15,5.343886e-16,2.648011e-16,3.530681e-16
5741.86,1.143947e-15,5.343886e-16,2.612393e-16,3.483191e-16
5820.15,1.135748e-15,5.343886e-16,2.577254e-16,3.436339e-16
5899.5,1.127659e-15,5.343886e-16,2.542588e-16,3.390117e-16
5979.94,1.119679e-15,5.343886e-16,2.508388e-16,3.344517e-16
6061.47,1.111807e-15,5.343886e-16,2.474648e-16,3.299531e-16
6144.11,1.104040e-15,5.343886e-16,2.441362e-16,3.255149e-16
6227.88,1.096377e-15,5.343886e-16,2.408524e-16,3.211365e-16
6312.79,1.088818e-15,5.343886e-16,2.376127e-16,3.168169e-16
6398.86,1.081361e-15,5.343886e-16,2.344166e-16,3.125555e-16
6486.11,1.074003e-15,5.343886e-16,2.312635e-16,3.083514e-16
6574.54,1.066745e-15,5.343886e-16,2.281528e-16,3.042038e-16
6664.18,1.059585e-15,5.343886e-16,2.250840e-16,3.001120e-16
6755.04,1.052520e-15,5.343886e-16,2.220564e-16,2.960752e-16
6847.14,1.045551e-15,5.343886e-16,2.190696e-16,2.920928e-16
6940.5,1.038675e-15,5.343886e-16,2.161229e-16,2.881639e-16
7035.12,1.031892e-15,5.343886e-16,2.132159e-16,2.842878e-16
7131.04,1.025200e-15,5.343886e-16,2.103479e-16,2.804639e-16
7228.27,1.018599e-15,5.343886e-16,2.075186e-16,2.766914e-16
7326.82,1.012086e-15,5.343886e-16,2.047273e-16,2.729697e-16
7426.72,1.005660e-15,5.343886e-16,2.019735e-16,2.692980e-16
7527.97,9.993212e-16,5.343886e-16,1.992568e-16,2.656758e-16
7630.61,9.930675e-16,5.343886e-16,1.965766e-16,2.621022e-16
7734.65,9.868979e-16,5.343886e-16,1.939325e-16,2.585767e-16
7840.1,9.808112e-16,5.343886e-16,1.913240e-16,2.550986e-16
7947,9.748065e-16,5.343886e-16,1.887505e-16,2.516673e-16
8055.35,9.688825e-16,5.343886e-16,1.862117e-16,2.482822e-16
8165.18,9.630382e-16,5.343886e-16,1.837070e-16,2.449426e-16
8276.5,9.572725e-16,5.343886e-16,1.812359e-16,2.416479e-16
8389.35,9.515843e-16,5.343886e-16,1.787982e-16,2.383976e-16
8503.73,9.459727e-16,5.343886e-16,1.763932e-16,2.351909e-16
8619.67,9.404366e-16,5.343886e-16,1.740205e-16,2.320274e-16
8737.19,9.349749e-16,5.343886e-16,1.716798e-16,2.289064e-16
8856.32,9.295867e-16,5.343886e-16,1.693706e-16,2.258275e-16
8977.07,9.242709e-16,5.343886e-16,1.670924e-16,2.227899e-16
9099.46,9.190267e-16,5.343886e-16,1.648449e-16,2.197932e-16
9223.53,9.138530e-16,5.343886e-16,1.626276e-16,2.168368e-16
9349.28,9.087489e-16,5.343886e-16,1.604401e-16,2.139201e-16
9476.75,9.037134e-16,5.343886e-16,1.582820e-16,2.110427e-16
9605.96,8.987457e-16,5.343886e-16,1.561530e-16,2.082040e-16
9736.93,8.938448e-16,5.343886e-16,1.540526e-16,2.054035e-16
9869.69,8.890098e-16,5.343886e-16,1.519805e-16,2.026407e-16
10004.3,8.842398e-16,5.343886e-16,1.499362e-16,1.999150e-16
10140.7,8.795340e-16,5.343886e-16,1.479195e-16,1.972260e-16
10278.9,8.748915e-16,5.343886e-16,1.459298e-16,1.945731e-16
10419.1,8.703115e-16,5.343886e-16,1.439669e-16,1.919559e-16
10561.1,8.657931e-16,5.343886e-16,1.420305e-16,1.893740e-16
10705.1,8.613354e-16,5.343886e-16,1.401200e-16,1.868267e-16
10851.1,8.569377e-16,5.343886e-16,1.382353e-16,1.843137e-16
10999,8.525991e-16,5.343886e-16,1.363759e-16,1.818346e-16
11149,8.483189e-16,5.343886e-16,1.345416e-16,1.793887e-16
11301,8.440963e-16,5.343886e-16,1.327319e-16,1.769758e-16
11455.1,8.399305e-16,5.343886e-16,1.309465e-16,1.745953e-16
11611.2,8.358207e-16,5.343886e-16,1.291852e-16,1.722469e-16
11769.6,8.317662e-16,5.343886e-16,1.274475e-16,1.699300e-16
11930,8.277662e-16,5.343886e-16,1.257332e-16,1.676443e-16
12092.7,8.238200e-16,5.343886e-16,1.240420e-16,1.653894e-16
12257.5,8.199269e-16,5.343886e-16,1.223736e-16,1.631647e-16
12424.7,8.160862e-16,5.343886e-16,1.207275e-16,1.609700e-16
12594.1,8.122971e-16,5.343886e-16,1.191036e-16,1.588049e-16
12765.8,8.085590e-16,5.343886e-16,1.175016e-16,1.566688e-16
12939.8,8.048712e-16,5.343886e-16,1.159211e-16,1.545615e-16
13116.3,8.012330e-16,5.343886e-16,1.143619e-16,1.524825e-16
13295.1,7.976437e-16,5.343886e-16,1.128236e-16,1.504315e-16
13476.4,7.941027e-16,5.343886e-16,1.113060e-16,1.484081e-16
13660.1,7.906093e-16,5.343886e-16,1.098089e-16,1.464118e-16
13846.3,7.871630e-16,5.343886e-16,1.083319e-16,1.444425e-16
14035.1,7.837629e-16,5.343886e-16,1.068747e-16,1.424996e-16
14226.5,7.804086e-16,5.343886e-16,1.054372e-16,1.405829e-16
14420.5,7.770995e-16,5.343886e-16,1.040189e-16,1.386919e-16
14617.1,7.738348e-16,5.343886e-16,1.026198e-16,1.368264e-16
14816.4,7.706140e-16,5.343886e-16,1.012395e-16,1.349860e-16
15018.4,7.674366e-16,5.343886e-16,9.987771e-17,1.331703e-16
15223.1,7.643019e-16,5.343886e-16,9.853428e-17,1.313790e-16
15430.7,7.612094e-16,5.343886e-16,9.720891e-17,1.296119e-16
15641.1,7.581585e-16,5.343886e-16,9.590137e-17,1.278685e-16
15854.3,7.551486e-16,5.343886e-16,9.461141e-17,1.261486e-16
16070.5,7.521792e-16,5.343886e-16,9.333881e-17,1.244517e-16
16289.6,7.492497e-16,5.343886e-16,9.208333e-17,1.227778e-16
16511.7,7.463596e-16,5.343886e-16,9.084473e-17,1.211263e-16
16736.8,7.435085e-16,5.343886e-16,8.962279e-17,1.194971e-16
16965,7.406956e-16,5.343886e-16,8.841729e-17,1.178897e-16
17196.3,7.379206e-16,5.343886e-16,8.722800e-17,1.163040e-16
17430.8,7.351829e-16,5.343886e-16,8.605471e-17,1.147396e-16
17668.4,7.324821e-16,5.343886e-16,8.489721e-17,1.131963e-16
17909.3,7.298176e-16,5.343886e-16,8.375527e-17,1.116737e-16
18153.5,7.271889e-16,5.343886e-16,8.262869e-17,1.101716e-16
18401,7.245956e-16,5.343886e-16,8.151726e-17,1.086897e-16
18651.9,7.220371e-16,5.343886e-16,8.042079e-17,1.072277e-16
18906.2,7.195131e-16,5.343886e-16,7.933906e-17,1.057854e-16
19164,7.170230e-16,5.343886e-16,7.827189e-17,1.043625e-16
19425.3,7.145664e-16,5.343886e-16,7.721906e-17,1.029588e-16
19690.1,7.121429e-16,5.343886e-16,7.618040e-17,1.015739e-16
19958.6,7.097519e-16,5.343886e-16,7.515571e-17,1.002076e-16
20230.7,7.073932e-16,5.343886e-16,7.414481e-17,9.885974e-17
20506.5,7.050661e-16,5.343886e-16,7.314750e-17,9.752999e-17
20786.1,7.027704e-16,5.343886e-16,7.216360e-17,9.621813e-17
21069.5,7.005055e-16,5.343886e-16,7.119294e-17,9.492392e-17
21356.8,6.982711e-16,5.343886e-16,7.023534e-17,9.364711e-17
21648,6.960667e-16,5.343886e-16,6.929061e-17,9.238748e-17
21943.1,6.938920e-16,5.343886e-16,6.835860e-17,9.114479e-17
22242.3,6.917466e-16,5.343886e-16,6.743911e-17,8.991882e-17
22545.5,6.896300e-16,5.343886e-16,6.653200e-17,8.870934e-17
22852.9,6.875418e-16,5.343886e-16,6.563709e-17,8.751612e-17
23164.5,6.854818e-16,5.343886e-16,6.475422e-17,8.633896e-17
23480.3,6.834495e-16,5.343886e-16,6.388322e-17,8.517763e-17
23800.5,6.814445e-16,5.343886e-16,6.302394e-17,8.403192e-17
24125,6.794664e-16,5.343886e-16,6.217621e-17,8.290162e-17
24453.9,6.775150e-16,5.343886e-16,6.133989e-17,8.178652e-17
24787.3,6.755899e-16,5.343886e-16,6.051482e-17,8.068642e-17
25125.3,6.736906e-16,5.343886e-16,5.970084e-17,7.960112e-17
25467.8,6.718169e-16,5.343886e-16,5.889782e-17,7.853042e-17
25815.1,6.699683e-16,5.343886e-16,5.810559e-17,7.747412e-17
26167,6.681447e-16,5.343886e-16,5.732402e-17,7.643203e-17
26523.8,6.663455e-16,5.343886e-16,5.655297e-17,7.540396e-17
26885.4,6.645706e-16,5.343886e-16,5.579228e-17,7.438971e-17
27252,6.628196e-16,5.343886e-16,5.504183e-17,7.338911e-17
27623.6,6.610920e-16,5.343886e-16,5.430147e-17,7.240196e-17
28000.2,6.593878e-16,5.343886e-16,5.357107e-17,7.142809e-17
28381.9,6.577064e-16,5.343886e-16,5.285050e-17,7.046733e-17
28768.9,6.560477e-16,5.343886e-16,5.213961e-17,6.951948e-17
29161.2,6.544113e-16,5.343886e-16,5.143829e-17,6.858439e-17
29558.7,6.527969e-16,5.343886e-16,5.074640e-17,6.766187e-17
29961.8,6.512042e-16,5.343886e-16,5.006382e-17,6.675176e-17
30370.3,6.496329e-16,5.343886e-16,4.939042e-17,6.585389e-17
30784.3,6.480828e-16,5.343886e-16,4.872608e-17,6.496810e-17
31204.1,6.465535e-16,5.343886e-16,4.807067e-17,6.409423e-17
31629.5,6.450448e-16,5.343886e-16,4.742408e-17,6.323211e-17
32060.7,6.435564e-16,5.343886e-16,4.678619e-17,6.238158e-17
32497.9,6.420880e-16,5.343886e-16,4.615687e-17,6.154250e-17
32941,6.406393e-16,5.343886e-16,4.553603e-17,6.071470e-17
33390.1,6.392102e-16,5.343886e-16,4.492353e-17,5.989804e-17
33845.3,6.378002e-16,5.343886e-16,4.431927e-17,5.909236e-17
34306.8,6.364093e-16,5.343886e-16,4.372314e-17,5.829752e-17
34774.5,6.350370e-16,5.343886e-16,4.313503e-17,5.751337e-17
35248.6,6.336832e-16,5.343886e-16,4.255482e-17,5.673976e-17
35729.2,6.323476e-16,5.343886e-16,4.198243e-17,5.597657e-17
36216.4,6.310300e-16,5.343886e-16,4.141773e-17,5.522364e-17
36710.2,6.297301e-16,5.343886e-16,4.086062e-17,5.448083e-17
37210.7,6.284477e-16,5.343886e-16,4.031101e-17,5.374802e-17
37718,6.271825e-16,5.343886e-16,3.976880e-17,5.302506e-17
38232.3,6.259343e-16,5.343886e-16,3.923387e-17,5.231183e-17
38753.5,6.247030e-16,5.343886e-16,3.870615e-17,5.160819e-17
39281.9,6.234882e-16,5.343886e-16,3.818552e-17,5.091402e-17
39817.5,6.222897e-16,5.343886e-16,3.767189e-17,5.022918e-17
40360.4,6.211073e-16,5.343886e-16,3.716517e-17,4.955356e-17
40910.7,6.199409e-16,5.343886e-16,3.666527e-17,4.888702e-17
41468.4,6.187902e-16,5.343886e-16,3.617209e-17,4.822945e-17
42033.8,6.176549e-16,5.343886e-16,3.568554e-17,4.758073e-17
42606.9,6.165349e-16,5.343886e-16,3.520554e-17,4.694073e-17
43187.8,6.154300e-16,5.343886e-16,3.473200e-17,4.630933e-17
43776.7,6.143399e-16,5.343886e-16,3.426483e-17,4.568643e-17
44373.5,6.132645e-16,5.343886e-16,3.380394e-17,4.507191e-17
44978.5,6.122035e-16,5.343886e-16,3.334924e-17,4.446566e-17
45591.8,6.111568e-16,5.343886e-16,3.290067e-17,4.386756e-17
46213.4,6.101242e-16,5.343886e-16,3.245813e-17,4.327750e-17
46843.5,6.091055e-16,5.343886e-16,3.202154e-17,4.269538e-17
47482.1,6.081005e-16,5.343886e-16,3.159082e-17,4.212110e-17
48129.5,6.071090e-16,5.343886e-16,3.116590e-17,4.155453e-17
48785.7,6.061309e-16,5.343886e-16,3.074669e-17,4.099559e-17
49450.9,6.051659e-16,5.343886e-16,3.033312e-17,4.044416e-17
50125.1,6.042139e-16,5.343886e-16,2.992512e-17,3.990016e-17
50808.5,6.032747e-16,5.343886e-16,2.952260e-17,3.936347e-17
51501.3,6.023481e-16,5.343886e-16,2.912550e-17,3.883399e-17
52203.4,6.014340e-16,5.343886e-16,2.873373e-17,3.831164e-17
52915.2,6.005322e-16,5.343886e-16,2.834724e-17,3.779632e-17
53636.7,5.996425e-16,5.343886e-16,2.796595e-17,3.728793e-17
54368,5.987648e-16,5.343886e-16,2.758978e-17,3.678638e-17
55109.2,5.978989e-16,5.343886e-16,2.721868e-17,3.629157e-17
55860.6,5.970446e-16,5.343886e-16,2.685256e-17,3.580342e-17
56622.2,5.962018e-16,5.343886e-16,2.649137e-17,3.532183e-17
57394.2,5.953704e-16,5.343886e-16,2.613504e-17,3.484672e-17
58176.7,5.945501e-16,5.343886e-16,2.578350e-17,3.437800e-17
58969.9,5.937409e-16,5.343886e-16,2.543669e-17,3.391559e-17
59773.9,5.929426e-16,5.343886e-16,2.509455e-17,3.345940e-17
60588.9,5.921550e-16,5.343886e-16,2.475701e-17,3.300934e-17
61415,5.913780e-16,5.343886e-16,2.442400e-17,3.256534e-17
62252.3,5.906114e-16,5.343886e-16,2.409548e-17,3.212731e-17
63101.1,5.898552e-16,5.343886e-16,2.377138e-17,3.169517e-17
63961.4,5.891091e-16,5.343886e-16,2.345163e-17,3.126884e-17
64833.5,5.883731e-16,5.343886e-16,2.313619e-17,3.084825e-17
65717.5,5.876469e-16,5.343886e-16,2.282499e-17,3.043332e-17
66613.5,5.869306e-16,5.343886e-16,2.251797e-17,3.002396e-17
67521.7,5.862238e-16,5.343886e-16,2.221509e-17,2.962011e-17
68442.3,5.855266e-16,5.343886e-16,2.191627e-17,2.922170e-17
69375.4,5.848387e-16,5.343886e-16,2.162148e-17,2.882864e-17
70321.3,5.841601e-16,5.343886e-16,2.133066e-17,2.844087e-17
71280.1,5.834907e-16,5.343886e-16,2.104374e-17,2.805832e-17
72252,5.828302e-16,5.343886e-16,2.076068e-17,2.768091e-17
73237.1,5.821786e-16,5.343886e-16,2.048144e-17,2.730858e-17
74235.6,5.815358e-16,5.343886e-16,2.020594e-17,2.694126e-17
75247.7,5.809016e-16,5.343886e-16,1.993416e-17,2.657888e-17
76273.7,5.802760e-16,5.343886e-16,1.966603e-17,2.622137e-17
77313.6,5.796588e-16,5.343886e-16,1.940150e-17,2.586867e-17
78367.7,5.790499e-16,5.343886e-16,1.914053e-17,2.552071e-17
79436.2,5.784491e-16,5.343886e-16,1.888308e-17,2.517744e-17
80519.3,5.778565e-16,5.343886e-16,1.862909e-17,2.483878e-17
81617.1,5.772718e-16,5.343886e-16,1.837851e-17,2.450468e-17
82729.9,5.766950e-16,5.343886e-16,1.813130e-17,2.417507e-17
83857.8,5.761259e-16,5.343886e-16,1.788742e-17,2.384989e-17
85001.1,5.755645e-16,5.343886e-16,1.764682e-17,2.352909e-17
86160.1,5.750107e-16,5.343886e-16,1.740946e-17,2.321261e-17
87334.8,5.744643e-16,5.343886e-16,1.717528e-17,2.290038e-17
88525.5,5.739252e-16,5.343886e-16,1.694426e-17,2.259235e-17
89732.5,5.733934e-16,5.343886e-16,1.671635e-17,2.228846e-17
90956,5.728688e-16,5.343886e-16,1.649150e-17,2.198866e-17
92196.1,5.723512e-16,5.343886e-16,1.626967e-17,2.169290e-17
93453.1,5.718406e-16,5.343886e-16,1.605083e-17,2.140111e-17
94727.3,5.713368e-16,5.343886e-16,1.583494e-17,2.111325e-17
96018.8,5.708398e-16,5.343886e-16,1.562194e-17,2.082926e-17
97327.9,5.703495e-16,5.343886e-16,1.541182e-17,2.054909e-17
98654.9,5.698658e-16,5.343886e-16,1.520451e-17,2.027268e-17
100000,5.693886e-16,5.343886e-16,1.500000e-17,2.000000e-17
